{"successfull_requests": 100, "slowest": 1.8994787270021334, "fastest": 0.6988985349998984, "average": 0.9196719163201488, "total_time": 18.64482376700107, "requests_per_minute": 322, "requests_per_second": 5}